Eigvals	44
0.5580561825087669	0.36949905214844575	0.2413254603688865	0.07105626287784046	0.04889048634444086	0.037033189797535976	0.031213032711477802	0.027004922367441758	0.021505921270414334	0.01658825442198536	0.013483933819790747	0.01164615455095387	0.00996544386121779	0.007716758950885505	0.006822272263886105	0.006276685529766466	0.005770514984856803	0.005132591605788812	0.004737832720446681	0.004442520435058521	0.0036971614101468982	0.002797096299785938	0.0020261856897328383	0.0016930139166424513	0.0014932290491871218	0.0010495530367329187	0.0008388536306040938	0.0	0.0	0.0	0.0	0.0	0.0	0.0	0.0	0.0	0.0	0.0	0.0	0.0	0.0	0.0	0.0	0.0

Proportion explained	44
0.3691427442696393	0.24441606130394414	0.15963185337760388	0.04700226374762699	0.03234005618705013	0.02449669717744965	0.020646782372869647	0.01786320349806251	0.014225726807861033	0.010972790826268567	0.008919346276948667	0.007703692900239346	0.006591937174241725	0.005104478124749433	0.004512793486713138	0.004151899027369218	0.0038170775705466758	0.0033951043102124078	0.0031339793861860908	0.002938636352883146	0.0024455966114630317	0.0018502219605339004	0.0013402803684485686	0.0011198940588141712	0.0009877404575325513	0.000694257854996592	0.0005548845097453621	0.0	0.0	0.0	0.0	0.0	0.0	0.0	0.0	0.0	0.0	0.0	0.0	0.0	0.0	0.0	0.0	0.0

Species	0	0

Site	44	44
DTL	0.17862564168296552	-0.24786082377374066	-0.011184552094075479	0.0030666482167661557	-0.00446718933748634	-0.01966275754303845	0.015389609953975139	0.019923440752048927	0.0021475365506725005	-0.007297767366624188	0.0035779803390210045	0.006484005765104213	0.023391451092064676	0.013008003715411859	-0.014262077500572895	0.0036071530467702445	0.02820411526888174	-0.01260857052580765	-0.008721742467666197	0.008675515834349917	0.02240142308242249	0.02385754836977311	0.0028185009108413353	0.0002949494329247553	-0.002507715235861139	-0.0013833896925508698	-0.002848875508714774	0.0	0.0	0.0	0.0	0.0	0.0	0.0	0.0	0.0	0.0	0.0	0.0	0.0	0.0	0.0	0.0	0.0
DTM	0.18176785489966726	-0.2547541159291837	-0.01445902746583169	-0.001453247782957472	-0.0050113257749425785	-0.007233760245210592	0.01778975827627651	0.0026304094193533617	-0.005923272419814785	-0.00700271795627307	0.005662290398860023	-0.00021225643695590464	-0.0023055188219428275	-0.003894377251910821	0.013921647116902696	0.009525332984355019	0.01236948490428995	-0.007308843259778951	-0.018288670206265827	-0.010849071728236424	0.0016406825044167376	-0.0343579541774168	-0.010098666416850883	-0.0024461342398157293	0.0010202662435365613	0.00466611725008736	-9.027567779942309e-05	0.0	0.0	0.0	0.0	0.0	0.0	0.0	0.0	0.0	0.0	0.0	0.0	0.0	0.0	0.0	0.0	0.0
DTS	0.14854361614231196	-0.223399653641902	-0.035821034085621276	-0.0022232308165869843	0.0013416700119210116	0.012860515830801365	-0.021328399912634147	-0.025917828430742584	0.01691617415241061	0.018447519156734277	-0.013294233013809855	-0.0011718004924931823	-0.037890680738187944	-0.025733289526523005	0.024460986932306077	-0.011476513091038953	-0.02555734631777652	-0.010585975002255202	-0.010309054587480493	-0.008926637343317539	-0.002394249342046525	0.014743088472258453	0.006399216434638765	0.002211876632829644	-0.0005299224103480551	-0.005400070514183304	0.002885405490264689	0.0	0.0	0.0	0.0	0.0	0.0	0.0	0.0	0.0	0.0	0.0	0.0	0.0	0.0	0.0	0.0	0.0
DTT	0.18342014856535996	-0.2646171963403022	-0.015458795477552963	0.003270492017993553	-0.004869702254191115	-0.01261736084473422	0.01759330738533034	-0.003264983987294996	-0.013174611788180806	-0.0027000025722302427	0.0008861204945478632	-0.010241984542094008	0.013217303887304814	0.01258889683019269	-0.01645243959012298	-0.001290732380710197	-0.019525018415454065	0.025731205801345372	0.03385820288304826	0.010459742890470166	-0.021710290956207273	-0.00037726391269472304	0.0015150424256202102	-0.0004730903958486643	0.002229529629434025	0.00020154485062923522	0.000767189494146642	0.0	0.0	0.0	0.0	0.0	0.0	0.0	0.0	0.0	0.0	0.0	0.0	0.0	0.0	0.0	0.0	0.0
TN1	0.05004346207069918	0.0508346539486894	-0.00527158753122649	-0.002444897131070518	0.013213673924057388	-0.00915790024900266	0.0004931108817735417	-0.010161868603187392	0.007464461924988683	-0.03798986891326585	-0.035060562931593965	0.02250737873354293	0.005543528110932349	-0.01192315554470034	-0.012283406992780384	0.002825278747715796	-0.008671317809423843	-0.01838607155869513	0.01798003410218538	-0.006999209978251013	0.010078676179603566	-0.007044478304904754	0.0004029238032476695	0.0032033011591736773	0.010678724184405117	0.0007991590008797612	-0.011649633405990512	0.0	0.0	0.0	0.0	0.0	0.0	0.0	0.0	0.0	0.0	0.0	0.0	0.0	0.0	0.0	0.0	0.0
TN10	-0.09183534805200796	-0.028531154244735128	-0.004447456258070216	0.01164380900524211	-0.016084727630569645	0.06281973751509022	0.013386146307378064	-0.018919584494285484	-0.003219916453360597	0.028031738593329737	-0.025112031756368124	0.022025862681820545	0.03776007808034133	0.0028779648132418825	0.0017544321206965597	0.01273171378352054	0.002438937039519395	0.010132561410285094	-0.0010026956823956043	-0.02268869357945662	-0.0015030389700398919	0.0047335452401628154	-0.011042628441811884	0.0010721905119317728	-0.009699136874504069	-0.0010074424915755022	0.004636062986035616	0.0	0.0	0.0	0.0	0.0	0.0	0.0	0.0	0.0	0.0	0.0	0.0	0.0	0.0	0.0	0.0	0.0
TN11	-0.14784066983375055	0.016989221963460213	-0.17703894127433129	0.015631118103661728	-0.003203445867879853	-0.015781965574987355	0.04076562716499478	-0.013836074529618006	0.0341912311190485	-0.004049219482031987	0.01912840496221983	-0.004972915191206468	0.028147224786599846	0.012276282822269082	0.00485924327152267	-0.012135006610465087	-0.01208582671867699	-0.017356282468988363	-0.004896392255048764	0.0039814250484197546	-0.005009871573695657	-0.004802500973115307	-0.000320677389263879	-0.0030051799109123557	-0.00032100165376437273	-0.00040991636712932344	-0.0011779437040895803	0.0	0.0	0.0	0.0	0.0	0.0	0.0	0.0	0.0	0.0	0.0	0.0	0.0	0.0	0.0	0.0	0.0
TN12	-0.2588948285356945	-0.07701019225406697	-0.21486536962889582	-0.004598404220355679	-0.004666263001915034	0.032971639103301004	0.006656678373631986	0.057655998492083076	0.021181668883371387	-0.0039616872104372355	-0.029210102067976085	0.021240902911775314	-0.020957538133539802	-0.003181352457333222	-0.005507547308212541	-0.016222193149878703	0.015287154794896809	0.0033952150063268614	-0.0021549170235163244	0.004607944749349508	-0.012446608264449292	0.0008478372563188279	-0.00015538812579598803	-0.0014420625806581145	-0.0008745069979478168	-0.001800115102372751	-7.652209327596277e-05	0.0	0.0	0.0	0.0	0.0	0.0	0.0	0.0	0.0	0.0	0.0	0.0	0.0	0.0	0.0	0.0	0.0
TN13	0.15676903407617002	0.1159306783678774	-0.06075318190577582	-0.0358614451121183	-0.05283112000545632	0.03197286151623974	0.0007942896457246323	-0.01390484035303819	-0.0028138170297115294	0.012752753842169012	0.024647133552403947	-0.011388818903537006	-0.014220329037019168	0.000880227654080552	0.007314839261450899	-0.00653210009276365	0.018256150101319635	0.0004724297418052437	0.016538658104605412	-0.00706799585919577	0.0005099845984632123	0.0025968565598663593	-0.002698670484755996	0.0024784262615290156	0.005873409852428313	0.007348998317306385	0.0046055692692573945	0.0	0.0	0.0	0.0	0.0	0.0	0.0	0.0	0.0	0.0	0.0	0.0	0.0	0.0	0.0	0.0	0.0
TN14	0.13737980767757493	0.11279312467872098	-0.03577542296022935	-0.04230605540777298	-0.023496775573521995	0.013064647076628098	0.03699997615257854	0.04022022156956075	-0.027903708464038862	-0.011973097000323837	0.02414713239590499	0.02800690600611836	-0.00198231720085484	0.005630719741467735	0.00912058901193039	-0.0015289717829321467	0.01049124705147692	-0.005982952824563706	0.0019432595296559128	0.00036528126979143866	-0.010847567144490113	0.0035322733326752197	0.0020278876999721292	0.006341555942556073	0.0034759840268121078	-0.007331335646686966	0.0029552931439907905	0.0	0.0	0.0	0.0	0.0	0.0	0.0	0.0	0.0	0.0	0.0	0.0	0.0	0.0	0.0	0.0	0.0
TN15	-0.053513199115744786	0.03625944523185468	-0.017138111993685406	-0.0027732517703789724	0.001173354393449198	-0.04393937432422291	0.03223442380736501	-0.04083296957381085	-0.04420423503055224	-0.00850026898306351	-0.008130865914397446	-0.0009343419245578957	0.002219471199161115	-0.020169238145629622	0.0033511257435131733	-0.009331363021303987	0.012139734363371235	0.008886330198503824	-0.0016125099404934759	-0.006838413120531033	0.0009271638566462172	0.0033193145349266293	-0.0009265008879601358	0.003098917931845436	0.0023692015537322662	-0.003771574427201779	2.7496974117790814e-05	0.0	0.0	0.0	0.0	0.0	0.0	0.0	0.0	0.0	0.0	0.0	0.0	0.0	0.0	0.0	0.0	0.0
TN16	-0.19832273594981764	-0.06028874762815105	-0.07299256022772202	-0.056501436035843004	-0.005051723812160142	-0.04213645218198309	-0.04023572117860187	-0.011888750560403043	0.000973121913556243	-0.05545527843023177	0.00895563295005372	-0.028528523718189182	-0.020831223115124045	0.014906859287109792	0.003903610141053218	-0.006125670138343034	0.009460075637702861	0.0007282251203316664	0.010123349157637844	-0.007013379889393936	0.004855038066322826	0.0014062259725665925	-0.001953593222988519	0.0020727189900412698	-0.009912228488653259	0.002567204481854052	0.0030616857396850547	0.0	0.0	0.0	0.0	0.0	0.0	0.0	0.0	0.0	0.0	0.0	0.0	0.0	0.0	0.0	0.0	0.0
TN17	-0.09244503516011622	-0.005188450009341172	0.022441736750331405	-0.010001619505068768	-0.028777128654676177	-0.02268701522030452	0.03094309188596455	-0.02144156566717316	-0.022217299557232482	0.04146639379434345	-0.0031338026854056417	0.011202401974748812	-0.008816889882647233	-0.021079318445496126	-0.025017377732112246	-0.02087497120582752	0.0017021261224770337	-0.006179035356227896	-0.004693636417418838	0.005877623144651348	-0.0029354688005230997	0.00032115938873841706	-0.0010987667448599091	-0.0021557875958184082	0.0008857953021364121	0.012172814178382885	0.0006938292966979225	0.0	0.0	0.0	0.0	0.0	0.0	0.0	0.0	0.0	0.0	0.0	0.0	0.0	0.0	0.0	0.0	0.0
TN18	-0.017987454131608394	0.04455608662528597	0.019065965801510563	-0.03520617500863497	0.0037575224760784533	-0.027239917291570458	0.029223293033548852	-0.06806643466115368	-0.0061309133521906724	0.014386864554464243	-0.022708278662121568	0.002310903738698936	-0.005001370840722173	0.016699788587021102	-0.006051302675032285	-0.01893501415349422	0.010208544337743947	0.0074217776327282076	-0.001096054889795715	0.008008133864475008	0.008997818839538358	-0.006223587950595985	0.007142727646004841	-0.004898202486466799	-0.00011010167944426556	-0.005321370842974712	0.0026938626780366294	0.0	0.0	0.0	0.0	0.0	0.0	0.0	0.0	0.0	0.0	0.0	0.0	0.0	0.0	0.0	0.0	0.0
TN2	-0.06633178928390429	0.021423370612151035	0.030837976916084572	0.08110574123668292	-0.02250501665203826	0.002474277136903979	0.021777262998921198	-0.027430457255616058	-0.012960981936803203	-0.023602154046769387	0.010925995338809632	0.018002171167678483	-0.025003639547050746	0.026009761002518332	-0.025528684356983425	0.014122742176388403	-0.020979686900650354	-0.013015432456920498	-0.015081223323648932	-0.0006908742875432718	-0.003016648483005303	0.004159839575341423	-0.006561035606641666	0.006039346140650008	0.004317697702252198	-0.0047414333754029845	0.0038936473613284603	0.0	0.0	0.0	0.0	0.0	0.0	0.0	0.0	0.0	0.0	0.0	0.0	0.0	0.0	0.0	0.0	0.0
TN20	-0.1885746793462746	-0.044538466563961335	-0.11131515004677232	-0.030466185231163553	0.03794547802082035	0.02592824091620586	0.004784933839995581	0.004230696432909024	-0.020836500577965735	0.019991566849629012	0.020458900635308704	-0.004430307177049683	0.01304206321738286	-0.005080286333315318	0.008812687336638581	0.008380933971641667	-0.013439405378027432	0.016826490903063637	0.00047633292697219463	0.002550300217063286	0.022559542968572804	-0.005559149985791777	0.003486101858644817	0.007924159633828354	0.0072370996568995385	-0.00156487414849399	-0.0012742108794198826	0.0	0.0	0.0	0.0	0.0	0.0	0.0	0.0	0.0	0.0	0.0	0.0	0.0	0.0	0.0	0.0	0.0
TN23	-0.091931091032696	-0.029797664669074308	-0.02571119299735373	-0.056368450239592346	0.048186493134823885	0.04137496362245279	-0.027989549543177415	-0.0073073089879221835	-0.035135561615144244	0.01782329533159356	0.010456850062399686	-0.0056302292414682825	0.005822158093377617	0.005851532780669208	-0.01664585177346629	0.009665145486464357	-0.010681219645178586	-0.01915198072591459	0.0068612262600141445	-0.008232955828176736	0.002631252660228798	-0.0004877707382861356	0.0037390358732777773	-0.005978116027720404	-0.002008707681342125	0.00293572301255782	0.0033540458775792037	0.0	0.0	0.0	0.0	0.0	0.0	0.0	0.0	0.0	0.0	0.0	0.0	0.0	0.0	0.0	0.0	0.0
TN24	0.15026213088233736	0.09718558211751392	-0.03917458605399201	-0.03178688930681142	-0.008529691260471109	0.00566545314348397	0.015695941795559852	0.020715372798747883	0.006310283696075599	-0.006907622279685588	0.006043584426932412	0.017487874804674113	-0.0031136966370104717	-0.0046662773408124416	-0.006362575910545556	0.0014832014752285713	-0.011310340505302623	0.006747507122280672	-0.008760442820486087	-0.00011384600422620829	-0.003230079113073672	0.0009822548507431809	0.010994747902098544	-0.0028746496373282327	-0.00975502808107693	0.012272244646594505	-0.007184787223085852	0.0	0.0	0.0	0.0	0.0	0.0	0.0	0.0	0.0	0.0	0.0	0.0	0.0	0.0	0.0	0.0	0.0
TN3	0.1902993809007675	0.11086710130663756	-0.07016541659114081	-0.05582662749659663	-0.030576025990311246	0.045910518703462334	-0.005629735626738189	-0.03397899474831787	-0.0069554170796688325	-0.008185747274531995	0.02217189116141957	-0.0008177652540597036	-0.01165152689805969	-0.007984944746960893	-0.01061751991398397	0.015248454225450535	0.0019038388594246939	0.0049841044933026536	-0.008564047916960249	0.0073408026892136415	-0.003978293785246857	-0.0012794177230787001	-0.0018562640182303632	-0.003464709406486662	-0.0041534104987884434	-0.007535746118884699	-0.003505345786175087	0.0	0.0	0.0	0.0	0.0	0.0	0.0	0.0	0.0	0.0	0.0	0.0	0.0	0.0	0.0	0.0	0.0
TN4	0.08776613535551771	0.08863219879917032	-0.010286284563571679	-0.023119490302421265	0.00925096023073817	0.0059762353372476784	0.01983730082581871	0.01816158423909283	-0.002280179308312043	-0.0112177575416238	-0.02739110290044271	-0.023440285528878762	-0.0024411816688805574	-0.016209918419826823	-0.006113934642049586	-0.006664586684402751	-0.010928758907435403	0.003377199083178156	-0.0016605968724853076	0.018796635578140264	0.009865388593111491	-0.006826741793405815	-0.009205447086057219	0.0010059281781251794	-0.0034466094910674816	-0.008176918928638383	-0.00040151050377256473	0.0	0.0	0.0	0.0	0.0	0.0	0.0	0.0	0.0	0.0	0.0	0.0	0.0	0.0	0.0	0.0	0.0
TN5	-0.05395944282717487	0.029223656179645296	-0.059715333026379956	0.023239714805949902	-0.0015668229605524777	0.0004817939907450286	-0.0080335965453961	-0.020654513532730994	-0.0016399421582375523	-0.019162023703820495	0.006805776610414613	0.005533274192817838	0.007187766719325127	-0.01811966721834406	0.029296458065113534	0.025153621211020313	0.003636620023794777	0.001468034132508727	0.004119627833104039	0.022530079503711487	-0.005203357176021379	0.010232710647540118	-0.004941522680964137	-0.0057372218652034885	0.003985086824997182	0.007077525721182586	-0.0017385252991675784	0.0	0.0	0.0	0.0	0.0	0.0	0.0	0.0	0.0	0.0	0.0	0.0	0.0	0.0	0.0	0.0	0.0
TN7	0.0555364490425851	0.04005281742514427	-0.009185441986666388	0.013708934955816404	0.019273438640807616	-0.0015381509472263536	-0.028412695884689507	-0.02970575986578415	0.03907694045535913	-0.019479211806061658	-0.0110667162214994	-0.0028188346534517043	0.012397828917357473	0.003180153537016313	-0.00618854188640679	-0.0016677267293769872	-0.003778981218738078	0.009739863202394861	-0.01816953267027015	0.012955271064010959	-0.0027670396298815126	0.004275484953560875	-0.006575005312000659	0.0039347189535205405	0.008092404840981211	0.012017950003335257	0.007534833226484841	0.0	0.0	0.0	0.0	0.0	0.0	0.0	0.0	0.0	0.0	0.0	0.0	0.0	0.0	0.0	0.0	0.0
TN8	-0.05191687654242077	-0.024254780637792985	0.10595539914742477	0.021079309047503415	-0.024843545573997726	0.05007831526588565	-0.009961782214218869	0.01799450488275732	0.0029387126420676725	-0.03603819867390511	-0.005853166223699157	0.0320554532354887	-0.005144428787643747	-0.0016965498356497188	0.005800835858427382	-0.008031197054259798	-0.007455172058543953	0.018395097881090672	0.0024225044647301014	-0.003917787047387493	0.01763320543030432	-0.002096164707557696	0.008513698232680531	-0.008577710971868565	0.007563541435192792	0.002336742278389028	0.005604087317170132	0.0	0.0	0.0	0.0	0.0	0.0	0.0	0.0	0.0	0.0	0.0	0.0	0.0	0.0	0.0	0.0	0.0
TN9	0.033767040187336055	0.05086881451162391	-0.0090769718381868	-0.01078042701143608	0.03474485869518123	0.03397619094338204	0.013736651700585847	-0.03243483823388271	0.016085623450944154	-0.011380391731271273	-0.00637546375828442	-0.01896646563079152	0.0120460482033238	0.010257553724060463	0.008163306175999668	0.0011630010125911253	-0.00458903756275055	-0.009373955763692265	0.0024571779776909	-0.012454900140540664	-0.0003097939145817847	0.0015075973810661167	0.01764771612737918	-0.001047172980657875	-0.005456545445218057	0.001445500901365776	-0.004373272922046684	0.0	0.0	0.0	0.0	0.0	0.0	0.0	0.0	0.0	0.0	0.0	0.0	0.0	0.0	0.0	0.0	0.0
WA1	-0.02519286772193042	0.029055413626578725	-0.004892829011588218	0.04722045581765091	-0.007658245247734596	-0.02537120810719121	-0.02633028464482792	-0.010242636591498626	-0.004738887679342768	0.004654019837114851	-0.011205371733727699	-0.009729484995886028	0.01965524410105692	-0.0190840296611939	0.0012827601949215058	0.01505077563208375	0.014101296172485513	-0.008142920958604005	-0.002934955719779699	0.004907103338681887	-0.010804638219966436	-0.006493429165209243	0.016641224175323578	0.014668757913531207	0.00037630162085188867	-0.0021408464750399406	0.007416062844619281	0.0	0.0	0.0	0.0	0.0	0.0	0.0	0.0	0.0	0.0	0.0	0.0	0.0	0.0	0.0	0.0	0.0
WA10	-0.005520341697329036	-0.005522231275898797	0.0615222028295022	0.024865656557476277	-0.005505029767656761	0.033102956836884606	-0.031273138704717644	-0.016234282539887967	0.037418873660573525	0.016057043894712113	0.019907687221464986	-0.0032104774920868775	-0.012739032453650063	0.009524034640056859	-0.010936041383140227	-0.009016594545363292	0.00522158544580694	0.008971551040896844	-0.0033213699970301544	0.0008752458293827793	0.0013225669963213226	-0.00272800594539045	-0.005067635320150277	0.015290587515836068	-0.008481986046268918	0.002104555118698472	-0.009122792746142782	0.0	0.0	0.0	0.0	0.0	0.0	0.0	0.0	0.0	0.0	0.0	0.0	0.0	0.0	0.0	0.0	0.0
WA11	0.06144599473754822	0.03840952028167178	0.017841327291990918	0.010234971531135164	0.144889639177421	0.0029836193450517206	-0.003597839019058688	0.0022855601240795442	-0.0052213701368251765	-0.0011960419380781207	0.002979579156735673	0.014609374580119164	-0.012604470402307768	-0.007650900533312419	-0.0023997216666159387	0.0069784470360572375	0.008246578930617475	0.009115256693758617	-0.00020873238692079328	0.013069932378791912	0.00031533040107643937	-0.0006518533689026079	-0.005352458770372612	2.4258377371529327e-05	-0.008192783185758334	-0.002653192612480426	0.0028358993456792155	0.0	0.0	0.0	0.0	0.0	0.0	0.0	0.0	0.0	0.0	0.0	0.0	0.0	0.0	0.0	0.0	0.0
WA13	-0.16850530546688589	-0.035230246538499134	-0.018508290704205795	-0.02820706043753103	-0.030793521790835658	-0.06154055829498502	-0.016218454099582197	0.007942015720203836	0.014632575080481672	0.008036722217407108	0.02596780168620262	0.0019099721936031207	-0.005134769105012115	-0.00714454686316797	-0.013608163658685675	0.02514377142638915	-0.006415514026287844	0.02008964934530791	-0.01006188944727513	-0.011877664111659312	-0.0026923190207211317	0.0005794477445023789	0.0010897370783203308	-0.0031427002601733334	0.0038573368388372027	-0.005314654846623679	-0.004574298208184418	0.0	0.0	0.0	0.0	0.0	0.0	0.0	0.0	0.0	0.0	0.0	0.0	0.0	0.0	0.0	0.0	0.0
WA14	-0.09139176177819472	-0.01864945183952924	0.18542804966146267	-0.10771154041329434	0.0008244227326360063	-0.017020915434040183	-0.00798146574999721	0.009046043098394288	-0.011265002287302034	-0.006427997874840116	0.005959943296110149	0.008750466090915617	0.02675083675116343	0.0050869292921306404	0.023244143426499057	-0.02006026592137651	-0.01161986605800068	0.0006034643326363334	-0.014803937860050527	0.0032798457031980306	-0.01174818053723757	0.007581822322094557	-0.006987230689925441	0.007320834132157778	0.0027338556204684326	-0.0011435983546357173	-0.005355507060856041	0.0	0.0	0.0	0.0	0.0	0.0	0.0	0.0	0.0	0.0	0.0	0.0	0.0	0.0	0.0	0.0	0.0
WA15	-0.08478056095147046	-0.009620628249491659	0.14193229310935468	-0.08450250445851437	-0.01777528405299469	-0.04280366159192909	-0.0033748046243396272	0.0028700364576336956	0.016376194349937787	0.015921437431541115	-0.013251762006076223	0.027112774685797765	-0.019928724547844938	0.006830984661746686	0.005976576545690643	0.023868510411116	0.002231131358176249	-0.009912321538701106	0.01315567105796106	0.004305855102730415	0.0033631531664342178	-0.003682442436843709	0.001229319953788867	-0.0035208938772120254	-0.006091175599862052	0.002151361605440125	0.003669555031539785	0.0	0.0	0.0	0.0	0.0	0.0	0.0	0.0	0.0	0.0	0.0	0.0	0.0	0.0	0.0	0.0	0.0
WA17	0.15489448489878632	0.09673593062552766	-0.041033411269103474	-0.005990037319143897	-0.023384403843235695	-0.032722129784394455	-0.0335733429546225	0.040292653003615515	0.017345439530141355	0.009916488296232602	0.007636610165259581	-0.006811155362217782	0.012502608247239312	0.0010155999470296264	-0.0064237093957478395	-0.01043494129726246	-0.008349653781417717	0.005906048937776441	-0.004413027377545287	-0.00891170533593759	0.014448586241873111	-0.004171417743296373	0.005919592721323674	0.0044844477551120145	0.004740436142707692	-0.002224632771214779	0.006876050123729373	0.0	0.0	0.0	0.0	0.0	0.0	0.0	0.0	0.0	0.0	0.0	0.0	0.0	0.0	0.0	0.0	0.0
WA18	0.05385071854383544	0.08622820939011107	-0.039387418656637	0.012256776384715598	-0.027972687313148167	-0.033490392462262965	-0.01291582737801098	0.047722067929023886	-0.03635659799138964	0.0007887289513660295	-0.024957225776142622	-0.01983700697665092	0.008921501277342215	-0.0037476832991549473	-0.0025042265024223746	0.008368319998337858	-0.020039191189358974	-0.011604703302417876	-0.004436216002738549	-0.0015246971130980682	-0.002381655451772806	0.0034703923087768167	-0.00545324173618169	-0.0037138506101161324	-0.00953349098321808	0.00307991154240524	0.002248800750001682	0.0	0.0	0.0	0.0	0.0	0.0	0.0	0.0	0.0	0.0	0.0	0.0	0.0	0.0	0.0	0.0	0.0
WA19	-0.06098348143892282	0.027772968137877142	0.04002338330990799	0.07170398630255607	0.010809806825267857	-0.015249469318462461	0.07896826814005603	0.015327495386886526	0.0016308665772939441	0.019174379554867775	0.003658473289934193	-0.016067077349978292	-0.021890256812493163	0.011720512267580203	0.02430029906474988	0.009845065623824914	-0.0013763459594030956	0.002127480764838117	0.0054690196458377065	-0.0032162150730852494	0.002741071371848534	0.0023171441165838022	0.0036198374006624345	0.004513967755261776	0.00218419176592172	0.0031446497854670853	-0.004463626668600157	0.0	0.0	0.0	0.0	0.0	0.0	0.0	0.0	0.0	0.0	0.0	0.0	0.0	0.0	0.0	0.0	0.0
WA2	0.05171381621293021	0.0613481051179073	0.039731206829480795	0.02429929122280595	0.02157325925829692	-0.028473259964871003	-0.008282920215408088	0.008695863327412925	0.03431585986878779	0.0018490667609829387	-0.01835767956239923	0.00584260755243435	0.0042931305941125665	-0.00826635389205943	-0.007724207575357654	0.006147649583885485	0.014171544232579322	0.012575073050270561	-0.0004315893792942121	-0.017955433079658446	-0.015253764129492002	0.0005198403812599213	0.006419870337230972	-0.001106534014848478	-4.6841873074862184e-05	-0.002864896172338613	-0.0029370587034128043	0.0	0.0	0.0	0.0	0.0	0.0	0.0	0.0	0.0	0.0	0.0	0.0	0.0	0.0	0.0	0.0	0.0
WA21	0.05591211386325017	0.07242157839959892	0.03205422238991581	0.007104852626571717	0.019318578074839332	-0.0003732230292296298	0.029150530334747148	-0.0007207790954538217	0.013517269976683585	-0.022229218875540503	-0.01022756758714627	-0.017928527978119165	-0.0015654700926189778	0.003976272096656207	0.005178152879646187	-0.001517557600231057	0.0027375804115510305	0.002651795861951869	0.007570987621635064	-0.023978968737671084	-0.0010312361449576148	0.008433201681315644	-0.01421541833005389	-0.001807138745422625	0.0013130983549248835	0.0002511926421758107	0.00396316720499769	0.0	0.0	0.0	0.0	0.0	0.0	0.0	0.0	0.0	0.0	0.0	0.0	0.0	0.0	0.0	0.0	0.0
WA22	0.06422508943094951	0.03723061494296019	-0.0467774570454024	0.040368126537054315	0.07603869530203419	-0.0267931468413179	-0.05891549836830472	0.013878180447469416	-0.04127082858288052	0.020181810386857273	0.009829526335926937	0.018412853526263068	-0.00831599608557733	0.02083077371555416	0.004355197577503415	-0.012228247019196812	0.004263128726421911	-0.006856050144088327	0.0019784773397627225	-0.008486943757274788	-0.007317092828091323	0.000502841069364152	-0.0020978460248354427	1.5985069128510347e-05	0.008645412234741877	0.002723535900188414	-0.002882815481267807	0.0	0.0	0.0	0.0	0.0	0.0	0.0	0.0	0.0	0.0	0.0	0.0	0.0	0.0	0.0	0.0	0.0
WA24	0.08668312923890793	0.08126725133064837	-0.053100172006888505	0.01300553895887264	-0.031260999842980156	-0.012824086558260357	-0.02895854302308319	0.0067204437587774215	0.008549928419492625	0.04243867818782838	-0.035896254558971365	-0.005946123204168467	-0.0052880616425746195	0.032928189021932626	0.016524824813018094	0.003731013748640972	-0.0018525573943440244	0.007697081490700553	-2.254594084799274e-05	0.01033908777286012	0.008411980244513487	-0.0016223259624332197	-0.00506107425587218	-0.003673049742093514	0.0010225460934018679	-0.0020006832920464864	-0.00384144774184026	0.0	0.0	0.0	0.0	0.0	0.0	0.0	0.0	0.0	0.0	0.0	0.0	0.0	0.0	0.0	0.0	0.0
WA3	-0.060061603514009354	-0.0215288705396614	0.04636987065341186	-0.01979985157090321	-0.018029492605891758	0.030033013637538384	-0.028666865830937905	-0.0038481372905003705	0.038078244447217004	0.021022542301460667	-2.9723447391336e-05	-0.010062834823629312	0.004845637721200424	-0.007652019213587048	-0.005076361212911209	0.005552718406970229	0.008077215760633628	-0.02176016534879573	0.016193096900203003	0.007911218285783487	-0.005433704965800369	-0.0007392011601458173	-0.0068569008938399595	-0.0016643439702743424	0.01100095113910193	-0.00587676308533939	-0.0012605111814772705	0.0	0.0	0.0	0.0	0.0	0.0	0.0	0.0	0.0	0.0	0.0	0.0	0.0	0.0	0.0	0.0	0.0
WA4	-0.05277924020822007	0.006424876959658681	0.04752578294603999	0.07727552571002158	-0.021842427490480775	-0.014190641855780551	-0.006466777462315732	0.012473457756514776	-0.0010513164581031822	0.008427227875851177	0.023272709898831855	0.0032361046766735914	0.000479465872607534	-0.02553810113147622	-0.002272189095064658	-0.00623657642445785	-0.002908627943400203	-0.0018441620924454654	0.019484014244525016	0.0007204796263958414	0.015909520713815916	0.003531031605613439	-0.006808420673995633	0.005385541323717868	-0.008401284296957974	0.001086757446534427	-0.0008076103654349357	0.0	0.0	0.0	0.0	0.0	0.0	0.0	0.0	0.0	0.0	0.0	0.0	0.0	0.0	0.0	0.0	0.0
WA5	0.0010330507658528388	0.020787652577113097	0.07323307959274361	0.04283540858152302	-6.658967282623754e-05	-0.007184623998930122	0.002631260864921072	0.0063930759520805305	0.02668823505185031	-0.005126212458518592	0.026625478684426822	0.022268533459673005	0.012455922697490098	0.004877614271220116	0.011310848416583945	-0.016105216378930264	-0.006841316357499054	-0.009323623595187258	0.008995295954403066	0.010567091529204995	-0.00393305177263158	-0.012096765027147051	0.003440317195058336	-0.0024548152335295594	-0.010573524560622985	-0.00429508358897052	0.0054594751525468355	0.0	0.0	0.0	0.0	0.0	0.0	0.0	0.0	0.0	0.0	0.0	0.0	0.0	0.0	0.0	0.0	0.0
WA6	-0.012381786548405278	0.02853057463975928	0.03198717357311416	0.06693046380399313	-0.008257057970792727	-0.010044346797509757	-0.026128117936217374	-0.012777662692537977	-0.004324119656949686	0.0025972209193026313	0.024069406999689867	-0.008086594164858758	0.008480721253009757	-0.008263447134606776	0.0029339291538027514	-0.011304592179378464	0.005352270247408581	0.0022123209348322488	-0.005726720975296412	-0.0032847624687762454	-0.0010288750038169117	0.0027394627473539784	-0.0003464037053786979	-0.02492807381847066	0.0005182329539143825	-0.004977934326100724	-0.0033476618649358357	0.0	0.0	0.0	0.0	0.0	0.0	0.0	0.0	0.0	0.0	0.0	0.0	0.0	0.0	0.0	0.0	0.0
WA7	-0.09054961589415694	-0.02807262507691965	0.0837874833426389	0.040593928413844516	-0.03946516837410287	0.03502495542243599	-0.016402857637113934	0.007351350093223879	-0.03652592451654507	-0.008966835348324053	-0.014174673027821067	-0.016210606422456704	-0.004989974425139449	0.015584576196487907	0.005200576650598403	0.008981910598785878	0.007426464483761911	0.0020595997523712864	-0.007464281977030953	0.012749381651659461	-0.0038411129968667964	-0.0015832378850950308	0.010261826968666236	-0.0005135217654354278	-2.3675717537053594e-05	0.0007488607308331033	-0.0006849603937360582	0.0	0.0	0.0	0.0	0.0	0.0	0.0	0.0	0.0	0.0	0.0	0.0	0.0	0.0	0.0	0.0	0.0
WA8	-0.0500666688279722	0.004933472573744575	0.12948882114668575	-0.03160977160224971	0.04787329618020718	0.020501837745377505	0.044214602761207984	0.04693844588959653	0.026289953327501715	0.010767122139635113	0.010346702446835386	-0.03856362400407923	-0.007338078330587639	-0.003703977826731807	-0.014395676410498713	0.0029851004214054683	0.0028077845203390464	-0.0029724460915128144	-0.00825700142571471	0.001567227993263793	-0.0021610526624603723	0.0022051210720783285	0.002805547968821915	-0.005295083821238135	0.007286896563308291	0.0015381904358549115	0.0036668177726143043	0.0	0.0	0.0	0.0	0.0	0.0	0.0	0.0	0.0	0.0	0.0	0.0	0.0	0.0	0.0	0.0	0.0
WA9	-0.0681727153166455	-0.027897621158680223	0.09431002140930746	0.028097848342610126	-0.02172373475572962	0.042874545372326274	-0.02238784757635951	0.014101354163371466	-0.0359787909979063	-0.015883299409971553	-0.008685028674436724	-0.022991780509088334	-4.8156158978304655e-06	-0.005753795783656147	-0.004695512575861284	-0.012839823547644959	0.007670575352987952	5.0129080109640175e-05	-0.002533150440514041	-0.0014110705821777064	-0.005633395028429951	-0.005572332623166912	-0.00043407589481534234	0.0025375743465237965	-0.0012883237796692886	-0.000734066669275258	-0.005249643661106587	0.0	0.0	0.0	0.0	0.0	0.0	0.0	0.0	0.0	0.0	0.0	0.0	0.0	0.0	0.0	0.0	0.0

Biplot	0	0

Site constraints	0	0
