	DTL	DTM	DTS	DTT	TN1	TN10	TN11	TN12	TN13	TN14	TN15	TN16	TN17	TN18	TN2	TN20	TN23	TN24	TN3	TN4	TN5	TN7	TN8	TN9	WA1	WA10	WA11	WA13	WA14	WA15	WA17	WA18	WA19	WA2	WA21	WA22	WA24	WA3	WA4	WA5	WA6	WA7	WA8	WA9
DTL	0.0	0.0838800245899267	0.1358568262107706	0.09751208188491808	0.3377147803492457	0.3673510580020789	0.45764779144094603	0.5217956174677085	0.38451654249038186	0.37321206058751877	0.3796262493893651	0.44295809437439904	0.37867557425486603	0.3710190431992694	0.3873632380051839	0.4433537342359513	0.3705867275454654	0.3550421228663939	0.3838687185888141	0.35902563521941655	0.37572040872819584	0.328399977550024	0.3586351369883694	0.34684331433460186	0.35660279490126523	0.3300853103079424	0.3494386910099216	0.41820122662006004	0.42661451334875333	0.40517303125904935	0.35486974332649135	0.36887183100272325	0.38862930803464746	0.34761134914831787	0.35422773422559706	0.33913465578973695	0.35937045678941976	0.348584131146899	0.3635635830948872	0.3433555193900175	0.3531532348653663	0.3752935986492277	0.38405887712696773	0.36295324057347655
DTM	0.0838800245899267	0.0	0.1149682390117128	0.09493693448027318	0.34390666772987544	0.3711772723738596	0.46225016980350275	0.5253974492139114	0.38572513801974345	0.3796186490446036	0.38292305812615374	0.4463391547203012	0.38319979193075027	0.37583769380670834	0.3926068123941489	0.4450459947553397	0.37322696267197053	0.36030563227805934	0.3824769735435454	0.36362659894899896	0.3795383805022182	0.335216829375734	0.3630985595363178	0.3504608403408214	0.36280222673098134	0.33527987703832646	0.3545686382429357	0.42335697118389354	0.4319540444645064	0.41088458428316105	0.3640778404838506	0.37619574520427773	0.3926813819995543	0.3550156108333365	0.3590425071535116	0.3449753403903183	0.36573064717102494	0.3543093834842696	0.3723266864446878	0.34945375606196605	0.35990693279746067	0.3797001768885335	0.3912815011179774	0.3662153673152389
DTS	0.1358568262107706	0.1149682390117128	0.0	0.1325758602237846	0.31114226668390865	0.33301814336388424	0.42201436324157937	0.4812304895626774	0.35548114281992604	0.3622691202416692	0.34885087212106486	0.40700897048883894	0.3468604250639304	0.3402133912826902	0.35932741829636977	0.4027812513674669	0.32956371612521373	0.3347193442598864	0.35284388603765826	0.33314474371538955	0.3372871323512792	0.29527815598216467	0.3342426928275173	0.3103443506897063	0.32536084887153877	0.2955097895818281	0.32443543676819747	0.38781802712431196	0.4103656924135198	0.3843190560412218	0.3376909324322609	0.3462043571648326	0.36519169785955713	0.3249216330890489	0.3309483686161865	0.30795912572954964	0.3266534914673676	0.31300645053832854	0.33848518625328355	0.3220714265588225	0.3243711300247761	0.3512035214713235	0.36941030093342925	0.3382084974428788
DTT	0.09751208188491808	0.09493693448027318	0.1325758602237846	0.0	0.3552347931029898	0.38013152501106406	0.470333834858483	0.5328515895969249	0.3981738768552452	0.3929206882512088	0.39249550366801395	0.453709165342049	0.39118051700864104	0.38407415560678293	0.4012594654275586	0.45245706878173686	0.3808863807980292	0.37240620318230455	0.39560819760981475	0.37427966460892187	0.3902794236314072	0.3452937539800921	0.37393896606513516	0.36143785793234157	0.3737278996872711	0.34589549004613096	0.36596387047802165	0.43086681413518846	0.44149287158464295	0.42241201689168695	0.3755748142630501	0.38583422895849334	0.4028257632317416	0.36616446338198294	0.3703906114598394	0.35485817513128587	0.37520964061529294	0.3643127906144491	0.38031950328454217	0.35978114079022655	0.370481419255509	0.3882665994498648	0.4025008858210032	0.3755641475108311
TN1	0.3377147803492457	0.34390666772987544	0.31114226668390865	0.3552347931029898	0.0	0.20191210317489547	0.2786019033188002	0.4077944266883139	0.1877393431239266	0.15791720314827273	0.1398753566547651	0.3028737314325945	0.19117900341273303	0.126905813209241	0.17734226038339387	0.2978177821279527	0.20123764604863123	0.14006291014314978	0.20266756473898723	0.09033182222947649	0.14507611168951284	0.08217031389068659	0.19046584703467884	0.08093779704638353	0.12488489489042856	0.15031487306485505	0.14997646274569498	0.2621793945442487	0.28289462988991276	0.238841966685354	0.15730039575362995	0.11560012661235555	0.1875052745589314	0.08469583091439573	0.07367041688754178	0.14456653797741792	0.13679448203096592	0.16934209147068066	0.17175774846030425	0.13532538285316073	0.13968967202891888	0.21854286271614728	0.21849413948155608	0.20340173978837264
TN10	0.3673510580020789	0.3711772723738596	0.33301814336388424	0.38013152501106406	0.20191210317489547	0.0	0.21651780061594098	0.29434393461629754	0.31105170073318084	0.2968092840651687	0.14875830773991444	0.2250040745033136	0.12308268999010909	0.16884183115506438	0.15104659504268375	0.1756017082597804	0.11386837198251108	0.2948355470676202	0.3377196511454564	0.24385137483133576	0.13898036454129784	0.19879403335716328	0.14938977122510166	0.17345638102336164	0.14795704001287896	0.14532374242755886	0.24877594401201214	0.17195241373977876	0.24866424786327146	0.21512905113820047	0.3099159235373638	0.23123776372214938	0.16620603346985832	0.20684500364846112	0.20526848565036654	0.24476530430155133	0.24047678565990888	0.11648591739065188	0.1482622827426851	0.17210190432546404	0.16044483586918845	0.1326753541545264	0.20538467547280334	0.14007794462008263
TN11	0.45764779144094603	0.46225016980350275	0.42201436324157937	0.470333834858483	0.2786019033188002	0.21651780061594098	0.0	0.18721636905710046	0.35845465941974375	0.34782221116157563	0.20745556230797532	0.1918865858064356	0.2283785244650032	0.2564514568900684	0.24614083917634855	0.13921385917068468	0.2161353622258832	0.34550160413489067	0.3860437593178271	0.30801664493067504	0.169958673648799	0.2750329010957482	0.32465830271840757	0.25739149239796716	0.2303964635677247	0.29277679703447446	0.3341615389914657	0.19721695908563808	0.3936345857507317	0.3530791000813067	0.35490494674451745	0.2793737885565919	0.2519458900667996	0.30853050833076756	0.30142904303404033	0.2925315645030301	0.2929550911065941	0.2611840040959696	0.2634680521770419	0.28849826233785303	0.26201608136985066	0.2975142260701201	0.3365693817337883	0.3122281739852291
TN12	0.5217956174677085	0.5253974492139114	0.4812304895626774	0.5328515895969249	0.4077944266883139	0.29434393461629754	0.18721636905710046	0.0	0.49704707835451056	0.48013496307270986	0.33929363574071786	0.21270412625369836	0.32157008271074455	0.385650104231653	0.3606096328041961	0.17335068990080205	0.28932739163968746	0.4825663753829326	0.523255732833663	0.4421497091660113	0.3011150963492774	0.4104034408578177	0.391830430114078	0.3969522105474832	0.3561687762545728	0.39423365236958713	0.44266533440352157	0.25506293898634547	0.46226690929662634	0.4242400457673632	0.4908640558585457	0.4078658833240921	0.3666495938331895	0.4337545378675742	0.4368408075450947	0.411569320548262	0.42706136918350923	0.3431716701089609	0.3675645935484084	0.4128171095703506	0.38850134252245383	0.3609407949220444	0.42247751971123076	0.37752273746907106
TN13	0.38451654249038186	0.38572513801974345	0.35548114281992604	0.3981738768552452	0.1877393431239266	0.31105170073318084	0.35845465941974375	0.49704707835451056	0.0	0.07419749700562939	0.2572620053667979	0.4130847400701267	0.3032422383231803	0.232007789113498	0.29964110244601355	0.39659371880099814	0.31033431711779946	0.079427947350984	0.06083424619168434	0.13439803546569898	0.24908681949378952	0.18329242428030126	0.3184701440647974	0.1812416183477113	0.24588498138490184	0.25133473008465906	0.25427645461953413	0.37679827803848714	0.3953428694665853	0.357949626632783	0.10644581903922659	0.16679170024379003	0.2992351538935977	0.20048474809381617	0.17501630544773342	0.21529088827056694	0.13445521926751702	0.28312011237083307	0.2911362463348023	0.254063761242142	0.24543979556014767	0.3355772385374226	0.32963885991478903	0.3227120527395546
TN14	0.37321206058751877	0.3796186490446036	0.3622691202416692	0.3929206882512088	0.15791720314827273	0.2968092840651687	0.34782221116157563	0.48013496307270986	0.07419749700562939	0.0	0.2328130036208458	0.4016752981324632	0.2837818615208504	0.22239498435869237	0.2744388981246593	0.3803936167653891	0.293433717746201	0.05589126129753709	0.09184772913276477	0.10815596979786007	0.23806740192311113	0.18492823598620978	0.2894676375205802	0.16928877299867454	0.22856712357864428	0.2491160469751164	0.217045352428765	0.3586131479542702	0.35456407214934854	0.3258045816019425	0.10248937099792707	0.13699778655713166	0.2666699193469922	0.17536047855542639	0.14911365974583538	0.19402765348500903	0.1449999486774351	0.27821729965150666	0.27036456442631873	0.22295387983279644	0.23327722823816283	0.31517823156372515	0.29073522591386114	0.30179563719936287
TN15	0.3796262493893651	0.38292305812615374	0.34885087212106486	0.39249550366801395	0.1398753566547651	0.14875830773991444	0.20745556230797532	0.33929363574071786	0.2572620053667979	0.2328130036208458	0.0	0.21670008118224882	0.08968211144561461	0.07716578903213271	0.13704066848366953	0.21105243352278077	0.15782920511867554	0.23564867602358	0.2853776049859844	0.1743127442167304	0.09985606127883895	0.15884324442658845	0.19386788584276216	0.13581702343296223	0.09844035529030896	0.17326128053184991	0.19981871975631213	0.16934379226349125	0.25093673852637555	0.21080313079389512	0.24864473397665388	0.16409665890491443	0.13581987093571252	0.15704642385801984	0.14661501256243825	0.18485142849725325	0.1984485098526376	0.1605071999961484	0.13452126205084972	0.1585429785568138	0.12439717087610379	0.17080100009565477	0.208529040649761	0.17351736766223524
TN16	0.44295809437439904	0.4463391547203012	0.40700897048883894	0.453709165342049	0.3028737314325945	0.2250040745033136	0.1918865858064356	0.21270412625369836	0.4130847400701267	0.4016752981324632	0.21670008118224882	0.0	0.21287751065045363	0.25869388568497553	0.2564404572946417	0.1398616287223591	0.1739721651830676	0.40039065405939644	0.43961781093254554	0.3479815373858839	0.20930833189588371	0.30314493523453373	0.27458627949176045	0.29111432787478	0.24773178162883688	0.2748915702700385	0.3455142453939025	0.11536538445109128	0.3023828700443062	0.26833312645820534	0.401278186644607	0.3186672625552386	0.277711700060618	0.3246342470408895	0.3230620480275764	0.3248892719460119	0.3469423471337283	0.2255163651750602	0.2581710832545934	0.29512663942366796	0.2736076806726934	0.24186359284556716	0.3003943579348179	0.25351954023524964
TN17	0.37867557425486603	0.38319979193075027	0.3468604250639304	0.39118051700864104	0.19117900341273303	0.12308268999010909	0.2283785244650032	0.32157008271074455	0.3032422383231803	0.2837818615208504	0.08968211144561461	0.21287751065045363	0.0	0.11316262460879482	0.13474220200442366	0.20135103959468698	0.13664073851826314	0.2824952759616541	0.3365557477120809	0.2277570587292613	0.14544720628933117	0.2007524538095634	0.16228853333804086	0.18825307239246783	0.1326565596701037	0.1445214198416697	0.24723052290853081	0.13757806961400915	0.21261936064682263	0.16391537214930027	0.29500897990395614	0.2079798680312413	0.1382211596715281	0.1919135901219847	0.19904666327434242	0.2368352839802792	0.2383211569668838	0.11842455411837237	0.12179606348106306	0.15470408462316157	0.1411611598948903	0.13942346988237078	0.17310316262904082	0.14363938125887546
TN18	0.3710190431992694	0.37583769380670834	0.3402133912826902	0.38407415560678293	0.126905813209241	0.16884183115506438	0.2564514568900684	0.385650104231653	0.232007789113498	0.22239498435869237	0.07716578903213271	0.25869388568497553	0.11316262460879482	0.0	0.15716339257504439	0.2572314210834437	0.16855584068018725	0.2151534231343786	0.25696891061988814	0.15525946976511934	0.1494478466907511	0.1333352354914626	0.18832682214542154	0.10334697882328595	0.12987368567771268	0.1470252307156932	0.1855019062468482	0.21059871550983855	0.22811891140949808	0.18394582319670932	0.23162284058019147	0.17904869520497452	0.1576255295998512	0.13540615546586124	0.12598637855680223	0.19698678136400788	0.17221524971959	0.1484795696456377	0.1672687821701582	0.13765005515053083	0.13829523051186282	0.18583977033049992	0.18917081455673845	0.18517788258243997
TN2	0.3873632380051839	0.3926068123941489	0.35932741829636977	0.4012594654275586	0.17734226038339387	0.15104659504268375	0.24614083917634855	0.3606096328041961	0.29964110244601355	0.2744388981246593	0.13704066848366953	0.2564404572946417	0.13474220200442366	0.15716339257504439	0.0	0.2542411531808275	0.19245872607568187	0.27533676882392266	0.3273689711051482	0.22399864390480653	0.1422805953324592	0.17755860690959965	0.14209774370923414	0.1742893600506309	0.1275922517213955	0.13254007534301585	0.23005040254405637	0.19217948429182324	0.26800440835124867	0.2243312187684285	0.28506545938722566	0.2014158617565874	0.10886705430895835	0.17667294183191698	0.1743625489491331	0.21850218973012614	0.22992591806777987	0.15303524026295132	0.10061739326632704	0.12503805138946647	0.11285734314031141	0.12277360229760265	0.20283990101874705	0.14057779649195612
TN20	0.4433537342359513	0.4450459947553397	0.4027812513674669	0.45245706878173686	0.2978177821279527	0.1756017082597804	0.13921385917068468	0.17335068990080205	0.39659371880099814	0.3803936167653891	0.21105243352278077	0.1398616287223591	0.20135103959468698	0.2572314210834437	0.2542411531808275	0.0	0.1358313814005958	0.38178816644445984	0.4209142790781436	0.33081003645867385	0.18687335037159206	0.2981281023221157	0.27726119996394577	0.26972033748575996	0.24202234208246498	0.27359923546104914	0.31371559302817925	0.14291300484476716	0.33120400262815053	0.3043436644298657	0.38982086954127515	0.3081188176040483	0.2506170569622541	0.3237833121385328	0.31999501607930364	0.3004419369007997	0.3304112911260669	0.2240965043180722	0.2522483587047273	0.2934358669320232	0.270959781131993	0.24804902845144916	0.294691368181992	0.26003761745377735
TN23	0.3705867275454654	0.37322696267197053	0.32956371612521373	0.3808863807980292	0.20123764604863123	0.11386837198251108	0.2161353622258832	0.28932739163968746	0.31033431711779946	0.293433717746201	0.15782920511867554	0.1739721651830676	0.13664073851826314	0.16855584068018725	0.19245872607568187	0.1358313814005958	0.0	0.29035022746854516	0.328833903911764	0.23821457480162903	0.14725730103417997	0.20841702161706951	0.1909964536599873	0.1644941204554341	0.16755363592655292	0.1736123226222016	0.21289246954011948	0.15833587567927776	0.238497810044979	0.21000408719933453	0.3055964220838544	0.2286795991124359	0.2102504864423347	0.22896155503881443	0.22206489162152035	0.20725351840645	0.25461014977548607	0.12245928781805564	0.18930591644169797	0.20331073324780077	0.1861104297792421	0.17249234032148028	0.19287323520307667	0.1675183211624099
TN24	0.3550421228663939	0.36030563227805934	0.3347193442598864	0.37240620318230455	0.14006291014314978	0.2948355470676202	0.34550160413489067	0.4825663753829326	0.079427947350984	0.05589126129753709	0.23564867602358	0.40039065405939644	0.2824952759616541	0.2151534231343786	0.27533676882392266	0.38178816644445984	0.29035022746854516	0.0	0.08455657716800435	0.09215020854953061	0.23367220698621224	0.15015787612085307	0.28673059553950175	0.14880609576293025	0.22149911349225182	0.23114749372431087	0.19645892505986018	0.353313472473635	0.3615562806952768	0.32697435883105685	0.07327387077027603	0.13037279876488303	0.2709709546154916	0.15528031610831514	0.140305776273284	0.18272238218365688	0.12179286111132871	0.271091140809589	0.2664775002611738	0.21788421410807715	0.22486008001922042	0.3160343691475017	0.2903950425537859	0.30120759896709276
TN3	0.3838687185888141	0.3824769735435454	0.35284388603765826	0.39560819760981475	0.20266756473898723	0.3377196511454564	0.3860437593178271	0.523255732833663	0.06083424619168434	0.09184772913276477	0.2853776049859844	0.43961781093254554	0.3365557477120809	0.25696891061988814	0.3273689711051482	0.4209142790781436	0.328833903911764	0.08455657716800435	0.0	0.1530820727957716	0.2747400706995741	0.19821738369044842	0.34559152745848515	0.1979630253915108	0.2776795138956968	0.27648832109905264	0.2546284344705281	0.40427034932439615	0.41848408457419206	0.38457234961057096	0.13153484043347918	0.19855751724375797	0.33975643408475753	0.22988683840340976	0.20452424624647747	0.2368134703468345	0.16878639720905805	0.31327199261849176	0.32909303517727223	0.2846060912742318	0.2766991432698886	0.3649945054196981	0.35471504079967736	0.350766446634706
TN4	0.35902563521941655	0.36362659894899896	0.33314474371538955	0.37427966460892187	0.09033182222947649	0.24385137483133576	0.30801664493067504	0.4421497091660113	0.13439803546569898	0.10815596979786007	0.1743127442167304	0.3479815373858839	0.2277570587292613	0.15525946976511934	0.22399864390480653	0.33081003645867385	0.23821457480162903	0.09215020854953061	0.1530820727957716	0.0	0.18526011597138375	0.11248114991911125	0.2350511772023988	0.10313028395904862	0.16805502667434014	0.18374864790359846	0.15477559646375014	0.30555718092430956	0.3073357301748793	0.2738854020271607	0.11398903967781433	0.08768032829795926	0.21259714355230958	0.10917668161561354	0.08103657148494497	0.16747309860974233	0.10824835688979464	0.21253848648229334	0.2115149037872854	0.17217875797886611	0.17489461908815904	0.25496178579760176	0.22365261090677535	0.23579128793924686
TN5	0.37572040872819584	0.3795383805022182	0.3372871323512792	0.3902794236314072	0.14507611168951284	0.13898036454129784	0.169958673648799	0.3011150963492774	0.24908681949378952	0.23806740192311113	0.09985606127883895	0.20930833189588371	0.14544720628933117	0.1494478466907511	0.1422805953324592	0.18687335037159206	0.14725730103417997	0.23367220698621224	0.2747400706995741	0.18526011597138375	0.0	0.13715783759466676	0.19432447912294107	0.13164098562812232	0.087048799134163	0.16419586498760216	0.20275138215135288	0.1735865046898148	0.29009997163852363	0.24681362740882887	0.245308524568559	0.16170765929155942	0.1544677064036301	0.1676276979974318	0.16729062086207852	0.17740754538428927	0.1795562865612712	0.14727684930649343	0.13667758862436583	0.15903147557639968	0.12058918174390554	0.17785919708860146	0.2345490119390357	0.18850510491049788
TN7	0.328399977550024	0.335216829375734	0.29527815598216467	0.3452937539800921	0.08217031389068659	0.19879403335716328	0.2750329010957482	0.4104034408578177	0.18329242428030126	0.18492823598620978	0.15884324442658845	0.30314493523453373	0.2007524538095634	0.1333352354914626	0.17755860690959965	0.2981281023221157	0.20841702161706951	0.15015787612085307	0.19821738369044842	0.11248114991911125	0.13715783759466676	0.0	0.19700664592808723	0.07592581117434816	0.11575583313748808	0.12064252985708618	0.14025242524096956	0.261529753315847	0.28926164087170253	0.253070444199293	0.14909702738490274	0.13443960338969435	0.1966917011554108	0.08277994184980371	0.09360995394849167	0.13313906590269434	0.12400683849237278	0.1648074979503995	0.17340671887029713	0.12941175188871906	0.12189341472563486	0.2181220091533843	0.21738490612897635	0.20518537442024998
TN8	0.3586351369883694	0.3630985595363178	0.3342426928275173	0.37393896606513516	0.19046584703467884	0.14938977122510166	0.32465830271840757	0.391830430114078	0.3184701440647974	0.2894676375205802	0.19386788584276216	0.27458627949176045	0.16228853333804086	0.18832682214542154	0.14209774370923414	0.27726119996394577	0.1909964536599873	0.28673059553950175	0.34559152745848515	0.2350511772023988	0.19432447912294107	0.19700664592808723	0.0	0.191544794796396	0.17189810585083493	0.11354498350086616	0.23906035637027173	0.21952887624074394	0.18186573686267565	0.16139420786629025	0.29858560525500977	0.24523144685119785	0.16959613288922273	0.18349799894903887	0.18567499395502898	0.25589466358352214	0.2611174562467416	0.12114183300925935	0.12148076776408258	0.10939537370259265	0.13754009506210227	0.081890697438554	0.1443658509387649	0.07144433426932385
TN9	0.34684331433460186	0.3504608403408214	0.3103443506897063	0.36143785793234157	0.08093779704638353	0.17345638102336164	0.25739149239796716	0.3969522105474832	0.1812416183477113	0.16928877299867454	0.13581702343296223	0.29111432787478	0.18825307239246783	0.10334697882328595	0.1742893600506309	0.26972033748575996	0.1644941204554341	0.14880609576293025	0.1979630253915108	0.10313028395904862	0.13164098562812232	0.07592581117434816	0.191544794796396	0.0	0.12584322072516424	0.1249098218860217	0.13613941912053587	0.26070284632749274	0.2746880788113622	0.2429381723357527	0.17931913097672045	0.14021195968487857	0.16654907169283292	0.08953582705673713	0.07005730468650204	0.15175244935552246	0.1424697073558758	0.1531089569827926	0.17639953008997875	0.13183033399863478	0.12922306061133795	0.20623001609202604	0.19035482054820357	0.1928175716584419
WA1	0.35660279490126523	0.36280222673098134	0.32536084887153877	0.3737278996872711	0.12488489489042856	0.14795704001287896	0.2303964635677247	0.3561687762545728	0.24588498138490184	0.22856712357864428	0.09844035529030896	0.24773178162883688	0.1326565596701037	0.12987368567771268	0.1275922517213955	0.24202234208246498	0.16755363592655292	0.22149911349225182	0.2776795138956968	0.16805502667434014	0.087048799134163	0.11575583313748808	0.17189810585083493	0.12584322072516424	0.0	0.11935233548099163	0.1848597586360922	0.18656506875780932	0.2686283497283352	0.2223787985975243	0.2112150622244636	0.1334926407662852	0.13843071252444017	0.11204002140381189	0.13814318724997876	0.15618143115798547	0.16091550527991763	0.12460995557282016	0.09860983655721597	0.11172237389446565	0.07568137338814375	0.14660839229434205	0.20498866498705332	0.14793844982853432
WA10	0.3300853103079424	0.33527987703832646	0.2955097895818281	0.34589549004613096	0.15031487306485505	0.14532374242755886	0.29277679703447446	0.39423365236958713	0.25133473008465906	0.2491160469751164	0.17326128053184991	0.2748915702700385	0.1445214198416697	0.1470252307156932	0.13254007534301585	0.27359923546104914	0.1736123226222016	0.23114749372431087	0.27648832109905264	0.18374864790359846	0.16419586498760216	0.12064252985708618	0.11354498350086616	0.1249098218860217	0.11935233548099163	0.0	0.18020255031105503	0.21577653001348884	0.21777314800482905	0.18578689385695038	0.23228060867912645	0.2033173066138478	0.15130522116071507	0.11922114297272621	0.1363802436487636	0.1893854981320693	0.18917088439863622	0.08094792998834473	0.0964295138539966	0.06953217605235722	0.08846875659812231	0.12450072437769832	0.1515847597252662	0.1102443764014051
WA11	0.3494386910099216	0.3545686382429357	0.32443543676819747	0.36596387047802165	0.14997646274569498	0.24877594401201214	0.3341615389914657	0.44266533440352157	0.25427645461953413	0.217045352428765	0.19981871975631213	0.3455142453939025	0.24723052290853081	0.1855019062468482	0.23005040254405637	0.31371559302817925	0.21289246954011948	0.19645892505986018	0.2546284344705281	0.15477559646375014	0.20275138215135288	0.14025242524096956	0.23906035637027173	0.13613941912053587	0.1848597586360922	0.18020255031105503	0.0	0.31197658323851185	0.3028039531673137	0.27607614517704976	0.22224842471725403	0.20080256127147153	0.2119180684787003	0.13110365398052626	0.13660503661540638	0.11794081352789702	0.20779199533760645	0.22445374882201527	0.21726291841389025	0.16782308313284616	0.17889782775649646	0.26450538871937723	0.20494965746958113	0.24439228255881384
WA13	0.41820122662006004	0.42335697118389354	0.38781802712431196	0.43086681413518846	0.2621793945442487	0.17195241373977876	0.19721695908563808	0.25506293898634547	0.37679827803848714	0.3586131479542702	0.16934379226349125	0.11536538445109128	0.13757806961400915	0.21059871550983855	0.19217948429182324	0.14291300484476716	0.15833587567927776	0.353313472473635	0.40427034932439615	0.30555718092430956	0.1735865046898148	0.261529753315847	0.21952887624074394	0.26070284632749274	0.18656506875780932	0.21577653001348884	0.31197658323851185	0.0	0.24594404096449288	0.19528034811423486	0.3530609139146011	0.2706848932411927	0.20718212600034577	0.2569168939551919	0.2757733615532984	0.28948061421689697	0.3008658226374928	0.16707581766621218	0.183716797254534	0.2288733533199455	0.20572338245623714	0.18974168286255838	0.23436267827381388	0.2055420583810561
WA14	0.42661451334875333	0.4319540444645064	0.4103656924135198	0.44149287158464295	0.28289462988991276	0.24866424786327146	0.3936345857507317	0.46226690929662634	0.3953428694665853	0.35456407214934854	0.25093673852637555	0.3023828700443062	0.21261936064682263	0.22811891140949808	0.26800440835124867	0.33120400262815053	0.238497810044979	0.3615562806952768	0.41848408457419206	0.3073357301748793	0.29009997163852363	0.28926164087170253	0.18186573686267565	0.2746880788113622	0.2686283497283352	0.21777314800482905	0.3028039531673137	0.24594404096449288	0.0	0.10289440934149587	0.37401486829607283	0.31866257212606885	0.2615604102431473	0.2663238482665896	0.26749660015113363	0.33759586526088764	0.3482625432040749	0.18847783047760072	0.24556123966693702	0.21657058735175025	0.25556784646797054	0.1990643538505772	0.1562799739176035	0.18412712103522863
WA15	0.40517303125904935	0.41088458428316105	0.3843190560412218	0.42241201689168695	0.238841966685354	0.21512905113820047	0.3530791000813067	0.4242400457673632	0.357949626632783	0.3258045816019425	0.21080313079389512	0.26833312645820534	0.16391537214930027	0.18394582319670932	0.2243312187684285	0.3043436644298657	0.21000408719933453	0.32697435883105685	0.38457234961057096	0.2738854020271607	0.24681362740882887	0.253070444199293	0.16139420786629025	0.2429381723357527	0.2223787985975243	0.18578689385695038	0.27607614517704976	0.19528034811423486	0.10289440934149587	0.0	0.337539176007606	0.27934125696706524	0.21428058537476005	0.2237436809876231	0.23601915327416365	0.30343762863219514	0.29842096173074933	0.1447747045461208	0.20281391444272562	0.17964618122191217	0.2220888515805207	0.17563881769074505	0.14567727961186938	0.17495983721499747
WA17	0.35486974332649135	0.3640778404838506	0.3376909324322609	0.3755748142630501	0.15730039575362995	0.3099159235373638	0.35490494674451745	0.4908640558585457	0.10644581903922659	0.10248937099792707	0.24864473397665388	0.401278186644607	0.29500897990395614	0.23162284058019147	0.28506545938722566	0.38982086954127515	0.3055964220838544	0.07327387077027603	0.13153484043347918	0.11398903967781433	0.245308524568559	0.14909702738490274	0.29858560525500977	0.17931913097672045	0.2112150622244636	0.23228060867912645	0.22224842471725403	0.3530609139146011	0.37401486829607283	0.337539176007606	0.0	0.11165494051656881	0.2831412205845448	0.15099189440260097	0.15684437537354723	0.16723059182249972	0.09712009018571476	0.27359820664552714	0.260455377911029	0.21782369993579073	0.21499067983469386	0.32282659913375644	0.3039135634358038	0.30839491576589984
WA18	0.36887183100272325	0.37619574520427773	0.3462043571648326	0.38583422895849334	0.11560012661235555	0.23123776372214938	0.2793737885565919	0.4078658833240921	0.16679170024379003	0.13699778655713166	0.16409665890491443	0.3186672625552386	0.2079798680312413	0.17904869520497452	0.2014158617565874	0.3081188176040483	0.2286795991124359	0.13037279876488303	0.19855751724375797	0.08768032829795926	0.16170765929155942	0.13443960338969435	0.24523144685119785	0.14021195968487857	0.1334926407662852	0.2033173066138478	0.20080256127147153	0.2706848932411927	0.31866257212606885	0.27934125696706524	0.11165494051656881	0.0	0.2000201928961529	0.12552082891428726	0.11856078088739766	0.1444834287981024	0.08578209040762082	0.2148075539666747	0.1839437044041635	0.17519992610341478	0.15054663998535384	0.23409582635031997	0.2544605475266495	0.22898004334860778
WA19	0.38862930803464746	0.3926813819995543	0.36519169785955713	0.4028257632317416	0.1875052745589314	0.16620603346985832	0.2519458900667996	0.3666495938331895	0.2992351538935977	0.2666699193469922	0.13581987093571252	0.277711700060618	0.1382211596715281	0.1576255295998512	0.10886705430895835	0.2506170569622541	0.2102504864423347	0.2709709546154916	0.33975643408475753	0.21259714355230958	0.1544677064036301	0.1966917011554108	0.16959613288922273	0.16654907169283292	0.13843071252444017	0.15130522116071507	0.2119180684787003	0.20718212600034577	0.2615604102431473	0.21428058537476005	0.2831412205845448	0.2000201928961529	0.0	0.16489054632978783	0.15350813489319862	0.2235149762122233	0.22558599742870727	0.16886533177882446	0.1046405485064241	0.123109857840971	0.12697189140639883	0.1503002691860351	0.15446346232237274	0.1591386353025445
WA2	0.34761134914831787	0.3550156108333365	0.3249216330890489	0.36616446338198294	0.08469583091439573	0.20684500364846112	0.30853050833076756	0.4337545378675742	0.20048474809381617	0.17536047855542639	0.15704642385801984	0.3246342470408895	0.1919135901219847	0.13540615546586124	0.17667294183191698	0.3237833121385328	0.22896155503881443	0.15528031610831514	0.22988683840340976	0.10917668161561354	0.1676276979974318	0.08277994184980371	0.18349799894903887	0.08953582705673713	0.11204002140381189	0.11922114297272621	0.13110365398052626	0.2569168939551919	0.2663238482665896	0.2237436809876231	0.15099189440260097	0.12552082891428726	0.16489054632978783	0.0	0.059939177553600405	0.14055745745592124	0.13561020638853877	0.16372356065697993	0.15040575283619145	0.095981431726204	0.10840123032760159	0.20852570830309344	0.18043980458799264	0.19392334659527338
WA21	0.35422773422559706	0.3590425071535116	0.3309483686161865	0.3703906114598394	0.07367041688754178	0.20526848565036654	0.30142904303404033	0.4368408075450947	0.17501630544773342	0.14911365974583538	0.14661501256243825	0.3230620480275764	0.19904666327434242	0.12598637855680223	0.1743625489491331	0.31999501607930364	0.22206489162152035	0.140305776273284	0.20452424624647747	0.08103657148494497	0.16729062086207852	0.09360995394849167	0.18567499395502898	0.07005730468650204	0.13814318724997876	0.1363802436487636	0.13660503661540638	0.2757733615532984	0.26749660015113363	0.23601915327416365	0.15684437537354723	0.11856078088739766	0.15350813489319862	0.059939177553600405	0.0	0.15920426988928912	0.14045617342327366	0.1754819275780747	0.1657863312959351	0.11551088178358282	0.1252508303798905	0.2139498519897044	0.17338353867051254	0.19595872490351768
WA22	0.33913465578973695	0.3449753403903183	0.30795912572954964	0.35485817513128587	0.14456653797741792	0.24476530430155133	0.2925315645030301	0.411569320548262	0.21529088827056694	0.19402765348500903	0.18485142849725325	0.3248892719460119	0.2368352839802792	0.19698678136400788	0.21850218973012614	0.3004419369007997	0.20725351840645	0.18272238218365688	0.2368134703468345	0.16747309860974233	0.17740754538428927	0.13313906590269434	0.25589466358352214	0.15175244935552246	0.15618143115798547	0.1893854981320693	0.11794081352789702	0.28948061421689697	0.33759586526088764	0.30343762863219514	0.16723059182249972	0.1444834287981024	0.2235149762122233	0.14055745745592124	0.15920426988928912	0.0	0.13991123061772187	0.2273993728325308	0.20223131451385667	0.1826883685636471	0.15470867217859416	0.2556226091536233	0.26977357375542305	0.24295126436961825
WA24	0.35937045678941976	0.36573064717102494	0.3266534914673676	0.37520964061529294	0.13679448203096592	0.24047678565990888	0.2929550911065941	0.42706136918350923	0.13445521926751702	0.1449999486774351	0.1984485098526376	0.3469423471337283	0.2383211569668838	0.17221524971959	0.22992591806777987	0.3304112911260669	0.25461014977548607	0.12179286111132871	0.16878639720905805	0.10824835688979464	0.1795562865612712	0.12400683849237278	0.2611174562467416	0.1424697073558758	0.16091550527991763	0.18917088439863622	0.20779199533760645	0.3008658226374928	0.3482625432040749	0.29842096173074933	0.09712009018571476	0.08578209040762082	0.22558599742870727	0.13561020638853877	0.14045617342327366	0.13991123061772187	0.0	0.21919983867025905	0.21895786419938418	0.19479576444495628	0.17301321075654208	0.26298971698136214	0.2816707965003584	0.2619900257005604
WA3	0.348584131146899	0.3543093834842696	0.31300645053832854	0.3643127906144491	0.16934209147068066	0.11648591739065188	0.2611840040959696	0.3431716701089609	0.28312011237083307	0.27821729965150666	0.1605071999961484	0.2255163651750602	0.11842455411837237	0.1484795696456377	0.15303524026295132	0.2240965043180722	0.12245928781805564	0.271091140809589	0.31327199261849176	0.21253848648229334	0.14727684930649343	0.1648074979503995	0.12114183300925935	0.1531089569827926	0.12460995557282016	0.08094792998834473	0.22445374882201527	0.16707581766621218	0.18847783047760072	0.1447747045461208	0.27359820664552714	0.2148075539666747	0.16886533177882446	0.16372356065697993	0.1754819275780747	0.2273993728325308	0.21919983867025905	0.0	0.11754003698069385	0.11794179363127395	0.12561987003845482	0.1167613780629647	0.13652344926063167	0.10852771194662288
WA4	0.3635635830948872	0.3723266864446878	0.33848518625328355	0.38031950328454217	0.17175774846030425	0.1482622827426851	0.2634680521770419	0.3675645935484084	0.2911362463348023	0.27036456442631873	0.13452126205084972	0.2581710832545934	0.12179606348106306	0.1672687821701582	0.10061739326632704	0.2522483587047273	0.18930591644169797	0.2664775002611738	0.32909303517727223	0.2115149037872854	0.13667758862436583	0.17340671887029713	0.12148076776408258	0.17639953008997875	0.09860983655721597	0.0964295138539966	0.21726291841389025	0.183716797254534	0.24556123966693702	0.20281391444272562	0.260455377911029	0.1839437044041635	0.1046405485064241	0.15040575283619145	0.1657863312959351	0.20223131451385667	0.21895786419938418	0.11754003698069385	0.0	0.07535635680290365	0.06736102529527542	0.1152402377733459	0.17574656742468206	0.11355399285383466
WA5	0.3433555193900175	0.34945375606196605	0.3220714265588225	0.35978114079022655	0.13532538285316073	0.17210190432546404	0.28849826233785303	0.4128171095703506	0.254063761242142	0.22295387983279644	0.1585429785568138	0.29512663942366796	0.15470408462316157	0.13765005515053083	0.12503805138946647	0.2934358669320232	0.20331073324780077	0.21788421410807715	0.2846060912742318	0.17217875797886611	0.15903147557639968	0.12941175188871906	0.10939537370259265	0.13183033399863478	0.11172237389446565	0.06953217605235722	0.16782308313284616	0.2288733533199455	0.21657058735175025	0.17964618122191217	0.21782369993579073	0.17519992610341478	0.123109857840971	0.095981431726204	0.11551088178358282	0.1826883685636471	0.19479576444495628	0.11794179363127395	0.07535635680290365	0.0	0.06602465060065685	0.142785465408499	0.1492748715060093	0.12986561762546894
WA6	0.3531532348653663	0.35990693279746067	0.3243711300247761	0.370481419255509	0.13968967202891888	0.16044483586918845	0.26201608136985066	0.38850134252245383	0.24543979556014767	0.23327722823816283	0.12439717087610379	0.2736076806726934	0.1411611598948903	0.13829523051186282	0.11285734314031141	0.270959781131993	0.1861104297792421	0.22486008001922042	0.2766991432698886	0.17489461908815904	0.12058918174390554	0.12189341472563486	0.13754009506210227	0.12922306061133795	0.07568137338814375	0.08846875659812231	0.17889782775649646	0.20572338245623714	0.25556784646797054	0.2220888515805207	0.21499067983469386	0.15054663998535384	0.12697189140639883	0.10840123032760159	0.1252508303798905	0.15470867217859416	0.17301321075654208	0.12561987003845482	0.06736102529527542	0.06602465060065685	0.0	0.13546882803336394	0.1868470747771441	0.12622501288549887
WA7	0.3752935986492277	0.3797001768885335	0.3512035214713235	0.3882665994498648	0.21854286271614728	0.1326753541545264	0.2975142260701201	0.3609407949220444	0.3355772385374226	0.31517823156372515	0.17080100009565477	0.24186359284556716	0.13942346988237078	0.18583977033049992	0.12277360229760265	0.24804902845144916	0.17249234032148028	0.3160343691475017	0.3649945054196981	0.25496178579760176	0.17785919708860146	0.2181220091533843	0.081890697438554	0.20623001609202604	0.14660839229434205	0.12450072437769832	0.26450538871937723	0.18974168286255838	0.1990643538505772	0.17563881769074505	0.32282659913375644	0.23409582635031997	0.1503002691860351	0.20852570830309344	0.2139498519897044	0.2556226091536233	0.26298971698136214	0.1167613780629647	0.1152402377733459	0.142785465408499	0.13546882803336394	0.0	0.1595605758715217	0.038642631087129516
WA8	0.38405887712696773	0.3912815011179774	0.36941030093342925	0.4025008858210032	0.21849413948155608	0.20538467547280334	0.3365693817337883	0.42247751971123076	0.32963885991478903	0.29073522591386114	0.208529040649761	0.3003943579348179	0.17310316262904082	0.18917081455673845	0.20283990101874705	0.294691368181992	0.19287323520307667	0.2903950425537859	0.35471504079967736	0.22365261090677535	0.2345490119390357	0.21738490612897635	0.1443658509387649	0.19035482054820357	0.20498866498705332	0.1515847597252662	0.20494965746958113	0.23436267827381388	0.1562799739176035	0.14567727961186938	0.3039135634358038	0.2544605475266495	0.15446346232237274	0.18043980458799264	0.17338353867051254	0.26977357375542305	0.2816707965003584	0.13652344926063167	0.17574656742468206	0.1492748715060093	0.1868470747771441	0.1595605758715217	0.0	0.14034067493037375
WA9	0.36295324057347655	0.3662153673152389	0.3382084974428788	0.3755641475108311	0.20340173978837264	0.14007794462008263	0.3122281739852291	0.37752273746907106	0.3227120527395546	0.30179563719936287	0.17351736766223524	0.25351954023524964	0.14363938125887546	0.18517788258243997	0.14057779649195612	0.26003761745377735	0.1675183211624099	0.30120759896709276	0.350766446634706	0.23579128793924686	0.18850510491049788	0.20518537442024998	0.07144433426932385	0.1928175716584419	0.14793844982853432	0.1102443764014051	0.24439228255881384	0.2055420583810561	0.18412712103522863	0.17495983721499747	0.30839491576589984	0.22898004334860778	0.1591386353025445	0.19392334659527338	0.19595872490351768	0.24295126436961825	0.2619900257005604	0.10852771194662288	0.11355399285383466	0.12986561762546894	0.12622501288549887	0.038642631087129516	0.14034067493037375	0.0
